repetition,mode,delta,best_test_accuracy,final_train_loss,final_test_loss,final_avg_spikes,layer4_linearity_spike_count,internal_metrics
0,expansive_delta_-1.5,-1.5,99.0625,0.031241057583341194,0.5736815651257833,475.43541666666664,0.9930555555555556,"{'layer1_rate_mean': 0.5328808744748433, 'layer1_sparsity_mean': 0.46711912552515666, 'layer2_rate_mean': 0.3464160223801931, 'layer2_sparsity_mean': 0.6535839716593425, 'layer3_rate_mean': 0.41343425114949545, 'layer3_sparsity_mean': 0.5865657409032186, 'layer4_rate_mean': 0.11489583402872086, 'layer4_sparsity_mean': 0.8851041714350383}"
0,tough_delta_2.0,2.0,95.83333333333333,0.02243884903709254,1.1690167228380839,316.9625,0.9618055555555556,"{'layer1_rate_mean': 0.29097657004992167, 'layer1_sparsity_mean': 0.7090234200159709, 'layer2_rate_mean': 0.36121094425519307, 'layer2_sparsity_mean': 0.6387890537579854, 'layer3_rate_mean': 0.3844270904858907, 'layer3_sparsity_mean': 0.6155728975931803, 'layer4_rate_mean': 0.14916666746139526, 'layer4_sparsity_mean': 0.8508333365122477}"
0,dissipative_delta_10.0,10.0,98.75,0.027043692106681484,0.6448857347170512,407.3041666666667,0.9895833333333334,"{'layer1_rate_mean': 0.3684472660223643, 'layer1_sparsity_mean': 0.6315527200698853, 'layer2_rate_mean': 0.2938704490661621, 'layer2_sparsity_mean': 0.7061295588811238, 'layer3_rate_mean': 0.22906250258286795, 'layer3_sparsity_mean': 0.7709374944368999, 'layer4_rate_mean': 0.0504166675110658, 'layer4_sparsity_mean': 0.9495833357175191}"
1,expansive_delta_-1.5,-1.5,99.0625,0.02750889516826118,0.44883776307106016,488.9375,0.9756944444444444,"{'layer1_rate_mean': 0.5476823051770529, 'layer1_sparsity_mean': 0.4523176948229472, 'layer2_rate_mean': 0.4220800817012787, 'layer2_sparsity_mean': 0.5779199163118999, 'layer3_rate_mean': 0.42054362495740255, 'layer3_sparsity_mean': 0.579456377029419, 'layer4_rate_mean': 0.19593750238418578, 'layer4_sparsity_mean': 0.8040625015894572}"
1,tough_delta_2.0,2.0,98.95833333333333,0.023715110920039157,0.6161256074905396,240.90625,0.9756944444444444,"{'layer1_rate_mean': 0.22672851781050365, 'layer1_sparsity_mean': 0.7732714811960856, 'layer2_rate_mean': 0.28080078959465027, 'layer2_sparsity_mean': 0.7191992084185282, 'layer3_rate_mean': 0.26911133925120034, 'layer3_sparsity_mean': 0.7308886528015137, 'layer4_rate_mean': 0.17656250397364298, 'layer4_sparsity_mean': 0.823437507947286}"
1,dissipative_delta_10.0,10.0,53.541666666666664,0.02913547913363624,1.5855559905370076,344.73125,0.9756944444444444,"{'layer1_rate_mean': 0.3137955745061239, 'layer1_sparsity_mean': 0.6862044135729471, 'layer2_rate_mean': 0.35044596989949545, 'layer2_sparsity_mean': 0.6495540181795756, 'layer3_rate_mean': 0.3648372451464335, 'layer3_sparsity_mean': 0.6351627429326375, 'layer4_rate_mean': 0.35479167103767395, 'layer4_sparsity_mean': 0.6452083230018616}"
2,expansive_delta_-1.5,-1.5,79.27083333333333,0.09934087157730133,1.4432807922363282,457.7447916666667,0.7916666666666666,"{'layer1_rate_mean': 0.5058040539423625, 'layer1_sparsity_mean': 0.49419594605763756, 'layer2_rate_mean': 0.21576497753461202, 'layer2_sparsity_mean': 0.7842350323994954, 'layer3_rate_mean': 0.10105143388112386, 'layer3_sparsity_mean': 0.8989485700925192, 'layer4_rate_mean': 0.03177083370586236, 'layer4_sparsity_mean': 0.9682291626930237}"
2,tough_delta_2.0,2.0,49.791666666666664,0.03881262999118095,1.5614796559015909,254.5375,0.5034722222222222,"{'layer1_rate_mean': 0.009104817981521289, 'layer1_sparsity_mean': 0.9908951878547668, 'layer2_rate_mean': 0.0, 'layer2_sparsity_mean': 1.0, 'layer3_rate_mean': 0.0, 'layer3_sparsity_mean': 1.0, 'layer4_rate_mean': 0.0, 'layer4_sparsity_mean': 1.0}"
2,dissipative_delta_10.0,10.0,49.791666666666664,0.039281910255311,1.1785157521565754,323.815625,0.5034722222222222,"{'layer1_rate_mean': 0.02812500111758709, 'layer1_sparsity_mean': 0.971875011920929, 'layer2_rate_mean': 0.0, 'layer2_sparsity_mean': 1.0, 'layer3_rate_mean': 0.0, 'layer3_sparsity_mean': 1.0, 'layer4_rate_mean': 0.0, 'layer4_sparsity_mean': 1.0}"
3,expansive_delta_-1.5,-1.5,98.22916666666667,0.023979995628788827,0.8132999658584594,512.2947916666667,0.9930555555555556,"{'layer1_rate_mean': 0.5385254065195719, 'layer1_sparsity_mean': 0.4614745934804281, 'layer2_rate_mean': 0.4625553488731384, 'layer2_sparsity_mean': 0.5374446471532186, 'layer3_rate_mean': 0.5248079538345337, 'layer3_sparsity_mean': 0.4751920461654663, 'layer4_rate_mean': 0.2741666754086812, 'layer4_sparsity_mean': 0.7258333206176758}"
3,tough_delta_2.0,2.0,98.54166666666667,0.02613266210462297,1.0149130384127298,240.46145833333333,0.9930555555555556,"{'layer1_rate_mean': 0.2394954452912013, 'layer1_sparsity_mean': 0.7605045517285665, 'layer2_rate_mean': 0.24855143427848816, 'layer2_sparsity_mean': 0.7514485716819763, 'layer3_rate_mean': 0.2299837271372477, 'layer3_sparsity_mean': 0.7700162728627523, 'layer4_rate_mean': 0.05083333378036817, 'layer4_sparsity_mean': 0.9491666674613952}"
3,dissipative_delta_10.0,10.0,97.60416666666667,0.030347881425592686,0.5596840580304464,383.76666666666665,0.9791666666666666,"{'layer1_rate_mean': 0.3811914126078288, 'layer1_sparsity_mean': 0.6188085873921713, 'layer2_rate_mean': 0.4072851618131002, 'layer2_sparsity_mean': 0.5927148381868999, 'layer3_rate_mean': 0.39725260734558104, 'layer3_sparsity_mean': 0.6027473926544189, 'layer4_rate_mean': 0.052187500645716985, 'layer4_sparsity_mean': 0.9478124976158142}"
4,expansive_delta_-1.5,-1.5,98.95833333333333,0.02704228206177152,0.6454921126365661,536.453125,0.9861111111111112,"{'layer1_rate_mean': 0.5733463644981385, 'layer1_sparsity_mean': 0.4266536355018616, 'layer2_rate_mean': 0.4199251353740692, 'layer2_sparsity_mean': 0.5800748626391093, 'layer3_rate_mean': 0.4144075552622477, 'layer3_sparsity_mean': 0.5855924526850382, 'layer4_rate_mean': 0.17645833591620128, 'layer4_sparsity_mean': 0.8235416690508525}"
4,tough_delta_2.0,2.0,97.60416666666667,0.025574056033585823,0.6319355964660645,278.096875,0.9791666666666666,"{'layer1_rate_mean': 0.29160807728767396, 'layer1_sparsity_mean': 0.7083919246991476, 'layer2_rate_mean': 0.288470063606898, 'layer2_sparsity_mean': 0.7115299224853515, 'layer3_rate_mean': 0.2793164094289144, 'layer3_sparsity_mean': 0.7206835865974426, 'layer4_rate_mean': 0.14739583532015482, 'layer4_sparsity_mean': 0.8526041666666667}"
4,dissipative_delta_10.0,10.0,72.60416666666667,0.021991824626081413,0.9176235636075337,328.54479166666664,0.7291666666666666,"{'layer1_rate_mean': 0.24664713939030966, 'layer1_sparsity_mean': 0.7533528725306193, 'layer2_rate_mean': 0.1300390640894572, 'layer2_sparsity_mean': 0.8699609359105428, 'layer3_rate_mean': 0.05815755253036817, 'layer3_sparsity_mean': 0.9418424407641093, 'layer4_rate_mean': 0.02364583343733102, 'layer4_sparsity_mean': 0.976354165871938}"
5,expansive_delta_-1.5,-1.5,99.0625,0.039433403947060144,0.6131258090337117,525.2979166666667,0.9895833333333334,"{'layer1_rate_mean': 0.5088964978853862, 'layer1_sparsity_mean': 0.49110350211461384, 'layer2_rate_mean': 0.4314192791779836, 'layer2_sparsity_mean': 0.5685807148615519, 'layer3_rate_mean': 0.35810547272364296, 'layer3_sparsity_mean': 0.641894523302714, 'layer4_rate_mean': 0.08885416835546493, 'layer4_sparsity_mean': 0.911145830154419}"
5,tough_delta_2.0,2.0,49.791666666666664,0.03779571486126271,0.8008753339449565,308.8208333333333,0.5034722222222222,"{'layer1_rate_mean': 0.00937500037252903, 'layer1_sparsity_mean': 0.9906250238418579, 'layer2_rate_mean': 0.0, 'layer2_sparsity_mean': 1.0, 'layer3_rate_mean': 0.0, 'layer3_sparsity_mean': 1.0, 'layer4_rate_mean': 0.0, 'layer4_sparsity_mean': 1.0}"
5,dissipative_delta_10.0,10.0,49.791666666666664,0.03992104142784111,1.488706111907959,409.153125,0.5034722222222222,"{'layer1_rate_mean': 0.06251302237312, 'layer1_sparsity_mean': 0.937486986319224, 'layer2_rate_mean': 0.002490234406044086, 'layer2_sparsity_mean': 0.997509773572286, 'layer3_rate_mean': 0.0, 'layer3_sparsity_mean': 1.0, 'layer4_rate_mean': 0.0, 'layer4_sparsity_mean': 1.0}"
6,expansive_delta_-1.5,-1.5,78.33333333333333,0.16872084092709325,2.149596118927002,416.12291666666664,0.7708333333333334,"{'layer1_rate_mean': 0.53177410364151, 'layer1_sparsity_mean': 0.46822589635849, 'layer2_rate_mean': 0.34003255764643353, 'layer2_sparsity_mean': 0.6599674463272095, 'layer3_rate_mean': 0.2259472668170929, 'layer3_sparsity_mean': 0.7740527391433716, 'layer4_rate_mean': 0.07156250228484472, 'layer4_sparsity_mean': 0.9284374952316284}"
6,tough_delta_2.0,2.0,49.791666666666664,0.03260606029371341,0.6455165346463522,293.86354166666666,0.5034722222222222,"{'layer1_rate_mean': 0.0031250000465661287, 'layer1_sparsity_mean': 0.996874988079071, 'layer2_rate_mean': 0.0, 'layer2_sparsity_mean': 1.0, 'layer3_rate_mean': 0.0, 'layer3_sparsity_mean': 1.0, 'layer4_rate_mean': 0.0, 'layer4_sparsity_mean': 1.0}"
6,dissipative_delta_10.0,10.0,49.791666666666664,0.04491609706723642,0.7365286191304524,394.46979166666665,0.5034722222222222,"{'layer1_rate_mean': 0.02644531304637591, 'layer1_sparsity_mean': 0.9735546906789144, 'layer2_rate_mean': 0.0, 'layer2_sparsity_mean': 1.0, 'layer3_rate_mean': 0.0, 'layer3_sparsity_mean': 1.0, 'layer4_rate_mean': 0.0, 'layer4_sparsity_mean': 1.0}"
7,expansive_delta_-1.5,-1.5,98.75,0.04085566083930673,0.4195098797480265,457.7114583333333,0.9826388888888888,"{'layer1_rate_mean': 0.49604167143503824, 'layer1_sparsity_mean': 0.5039583285649617, 'layer2_rate_mean': 0.31795573433240254, 'layer2_sparsity_mean': 0.682044251759847, 'layer3_rate_mean': 0.29195313254992167, 'layer3_sparsity_mean': 0.7080468614896138, 'layer4_rate_mean': 0.15885416865348817, 'layer4_sparsity_mean': 0.8411458253860473}"
7,tough_delta_2.0,2.0,50.208333333333336,0.03173835917315897,1.2104626337687174,229.07916666666668,0.5034722222222222,"{'layer1_rate_mean': 0.17812500794728597, 'layer1_sparsity_mean': 0.821874984105428, 'layer2_rate_mean': 0.10930664092302322, 'layer2_sparsity_mean': 0.8906933625539144, 'layer3_rate_mean': 0.0768359382947286, 'layer3_sparsity_mean': 0.9231640696525574, 'layer4_rate_mean': 0.10000000149011612, 'layer4_sparsity_mean': 0.8999999761581421}"
7,dissipative_delta_10.0,10.0,95.52083333333333,0.02723663851183148,0.5872044702370961,325.16770833333334,0.9548611111111112,"{'layer1_rate_mean': 0.2783007899920146, 'layer1_sparsity_mean': 0.7216992100079854, 'layer2_rate_mean': 0.3595442771911621, 'layer2_sparsity_mean': 0.6404557188351949, 'layer3_rate_mean': 0.4526204486687978, 'layer3_sparsity_mean': 0.5473795572916667, 'layer4_rate_mean': 0.04656250104308128, 'layer4_sparsity_mean': 0.9534374992052714}"
8,expansive_delta_-1.5,-1.5,98.75,0.023143750904578594,0.5828523159027099,511.234375,0.9895833333333334,"{'layer1_rate_mean': 0.5643034021059672, 'layer1_sparsity_mean': 0.4356965978940328, 'layer2_rate_mean': 0.4565722743670146, 'layer2_sparsity_mean': 0.5434277216593425, 'layer3_rate_mean': 0.5422558705012004, 'layer3_sparsity_mean': 0.45774412949879967, 'layer4_rate_mean': 0.3167708396911621, 'layer4_sparsity_mean': 0.6832291523615519}"
8,tough_delta_2.0,2.0,49.791666666666664,0.033374101036198194,0.9339823047320048,286.10833333333335,0.5034722222222222,"{'layer1_rate_mean': 0.02187499962747097, 'layer1_sparsity_mean': 0.9781249761581421, 'layer2_rate_mean': 0.0, 'layer2_sparsity_mean': 1.0, 'layer3_rate_mean': 0.0, 'layer3_sparsity_mean': 1.0, 'layer4_rate_mean': 0.0, 'layer4_sparsity_mean': 1.0}"
8,dissipative_delta_10.0,10.0,98.75,0.03759857981405672,0.7537432193756104,397.60729166666664,0.9895833333333334,"{'layer1_rate_mean': 0.3477669358253479, 'layer1_sparsity_mean': 0.6522330522537232, 'layer2_rate_mean': 0.44211589097976683, 'layer2_sparsity_mean': 0.5578840931256612, 'layer3_rate_mean': 0.38836589455604553, 'layer3_sparsity_mean': 0.611634095509847, 'layer4_rate_mean': 0.049583334227403006, 'layer4_sparsity_mean': 0.9504166722297669}"
9,expansive_delta_-1.5,-1.5,99.0625,0.04310399954838137,0.4669755756855011,494.3020833333333,0.9965277777777778,"{'layer1_rate_mean': 0.5827050884564717, 'layer1_sparsity_mean': 0.4172949115435282, 'layer2_rate_mean': 0.33499675393104555, 'layer2_sparsity_mean': 0.66500324010849, 'layer3_rate_mean': 0.21110677421092988, 'layer3_sparsity_mean': 0.7888932228088379, 'layer4_rate_mean': 0.052916667858759564, 'layer4_sparsity_mean': 0.9470833381017049}"
9,tough_delta_2.0,2.0,64.89583333333333,0.026824868607124495,0.8574529886245728,243.95833333333334,0.6458333333333334,"{'layer1_rate_mean': 0.14339192807674409, 'layer1_sparsity_mean': 0.8566080689430237, 'layer2_rate_mean': 0.08130208452542623, 'layer2_sparsity_mean': 0.9186979174613953, 'layer3_rate_mean': 0.06938802152872085, 'layer3_sparsity_mean': 0.9306119879086813, 'layer4_rate_mean': 0.08531250109275182, 'layer4_sparsity_mean': 0.9146874984105428}"
9,dissipative_delta_10.0,10.0,99.0625,0.031557949451399184,1.1833696444829305,413.796875,0.9861111111111112,"{'layer1_rate_mean': 0.38286133607228595, 'layer1_sparsity_mean': 0.617138663927714, 'layer2_rate_mean': 0.43027018904685976, 'layer2_sparsity_mean': 0.5697298049926758, 'layer3_rate_mean': 0.35763997832934064, 'layer3_sparsity_mean': 0.6423600196838379, 'layer4_rate_mean': 0.2748958388964335, 'layer4_sparsity_mean': 0.7251041611035665}"
10,expansive_delta_-1.5,-1.5,98.54166666666667,0.08316290877278774,0.5823330998420715,485.6875,0.9756944444444444,"{'layer1_rate_mean': 0.5050911585489909, 'layer1_sparsity_mean': 0.4949088414510091, 'layer2_rate_mean': 0.2972688853740692, 'layer2_sparsity_mean': 0.7027311205863953, 'layer3_rate_mean': 0.15680664380391438, 'layer3_sparsity_mean': 0.8431933561960856, 'layer4_rate_mean': 0.053229167809089026, 'layer4_sparsity_mean': 0.9467708428700765}"
10,tough_delta_2.0,2.0,50.208333333333336,0.032296314948208386,1.3123922983805338,228.40833333333333,0.5034722222222222,"{'layer1_rate_mean': 0.13616211314996082, 'layer1_sparsity_mean': 0.8638378977775574, 'layer2_rate_mean': 0.09062500298023224, 'layer2_sparsity_mean': 0.909375011920929, 'layer3_rate_mean': 0.0625, 'layer3_sparsity_mean': 0.9375, 'layer4_rate_mean': 0.10000000149011612, 'layer4_sparsity_mean': 0.8999999761581421}"
10,dissipative_delta_10.0,10.0,98.22916666666667,0.029083106689335357,1.1017330288887024,315.3520833333333,0.9756944444444444,"{'layer1_rate_mean': 0.26640625596046447, 'layer1_sparsity_mean': 0.733593742052714, 'layer2_rate_mean': 0.3318294326464335, 'layer2_sparsity_mean': 0.6681705633799235, 'layer3_rate_mean': 0.37276367942492167, 'layer3_sparsity_mean': 0.6272363146146138, 'layer4_rate_mean': 0.05135416785875956, 'layer4_sparsity_mean': 0.9486458420753479}"
11,expansive_delta_-1.5,-1.5,99.0625,0.1641337703312597,0.5721504549185435,380.42291666666665,0.9861111111111112,"{'layer1_rate_mean': 0.4531836012999217, 'layer1_sparsity_mean': 0.5468163887659708, 'layer2_rate_mean': 0.18431315322717032, 'layer2_sparsity_mean': 0.815686845779419, 'layer3_rate_mean': 0.07368489801883697, 'layer3_sparsity_mean': 0.9263151049613952, 'layer4_rate_mean': 0.05093750109275182, 'layer4_sparsity_mean': 0.9490625023841858}"
11,tough_delta_2.0,2.0,49.791666666666664,0.039092581133328135,1.0593438704808553,269.92604166666666,0.5034722222222222,"{'layer1_rate_mean': 0.0, 'layer1_sparsity_mean': 1.0, 'layer2_rate_mean': 0.0, 'layer2_sparsity_mean': 1.0, 'layer3_rate_mean': 0.0, 'layer3_sparsity_mean': 1.0, 'layer4_rate_mean': 0.0, 'layer4_sparsity_mean': 1.0}"
11,dissipative_delta_10.0,10.0,49.791666666666664,0.04022107377738481,2.9912988980611166,392.20729166666666,0.5034722222222222,"{'layer1_rate_mean': 0.031894531846046445, 'layer1_sparsity_mean': 0.9681054711341858, 'layer2_rate_mean': 0.0, 'layer2_sparsity_mean': 1.0, 'layer3_rate_mean': 0.0, 'layer3_sparsity_mean': 1.0, 'layer4_rate_mean': 0.0, 'layer4_sparsity_mean': 1.0}"
12,expansive_delta_-1.5,-1.5,98.95833333333333,0.024243030494319334,0.4756770352522532,516.2885416666667,0.9930555555555556,"{'layer1_rate_mean': 0.524973972638448, 'layer1_sparsity_mean': 0.4750260273615519, 'layer2_rate_mean': 0.41513998111089073, 'layer2_sparsity_mean': 0.5848600109418233, 'layer3_rate_mean': 0.36435222029685976, 'layer3_sparsity_mean': 0.6356477737426758, 'layer4_rate_mean': 0.15875000258286795, 'layer4_sparsity_mean': 0.8412499944368999}"
12,tough_delta_2.0,2.0,49.791666666666664,0.023951094635131377,0.6965325037638347,299.778125,0.5034722222222222,"{'layer1_rate_mean': 0.023665364955862363, 'layer1_sparsity_mean': 0.9763346314430237, 'layer2_rate_mean': 0.0, 'layer2_sparsity_mean': 1.0, 'layer3_rate_mean': 0.0, 'layer3_sparsity_mean': 1.0, 'layer4_rate_mean': 0.0, 'layer4_sparsity_mean': 1.0}"
12,dissipative_delta_10.0,10.0,98.125,0.022242228109990398,0.9596759676933289,389.38854166666664,0.9861111111111112,"{'layer1_rate_mean': 0.35560222069422404, 'layer1_sparsity_mean': 0.6443977753321329, 'layer2_rate_mean': 0.34234049717585247, 'layer2_sparsity_mean': 0.6576594988505046, 'layer3_rate_mean': 0.2791080812613169, 'layer3_sparsity_mean': 0.7208919088045757, 'layer4_rate_mean': 0.05187500044703484, 'layer4_sparsity_mean': 0.9481250007947286}"
13,expansive_delta_-1.5,-1.5,98.33333333333333,0.11935543701533348,0.33308913707733157,444.3208333333333,0.9895833333333334,"{'layer1_rate_mean': 0.5596614758173625, 'layer1_sparsity_mean': 0.4403385241826375, 'layer2_rate_mean': 0.2993391970793406, 'layer2_sparsity_mean': 0.7006607969601949, 'layer3_rate_mean': 0.2571940183639526, 'layer3_sparsity_mean': 0.7428059816360474, 'layer4_rate_mean': 0.10343750168879827, 'layer4_sparsity_mean': 0.8965625047683716}"
13,tough_delta_2.0,2.0,49.791666666666664,0.04226820611004387,1.1508213798205058,250.54270833333334,0.5034722222222222,"{'layer1_rate_mean': 0.01193033866584301, 'layer1_sparsity_mean': 0.9880696614583333, 'layer2_rate_mean': 0.0011393229205471775, 'layer2_sparsity_mean': 0.9988606731096904, 'layer3_rate_mean': 0.0, 'layer3_sparsity_mean': 1.0, 'layer4_rate_mean': 0.0, 'layer4_sparsity_mean': 1.0}"
13,dissipative_delta_10.0,10.0,98.85416666666667,0.028915378595552137,1.4760106881459554,318.1875,0.9930555555555556,"{'layer1_rate_mean': 0.3097070336341858, 'layer1_sparsity_mean': 0.6902929623921712, 'layer2_rate_mean': 0.35294596950213114, 'layer2_sparsity_mean': 0.6470540245374043, 'layer3_rate_mean': 0.33340820868810017, 'layer3_sparsity_mean': 0.6665917793909709, 'layer4_rate_mean': 0.2514583388964335, 'layer4_sparsity_mean': 0.7485416571299235}"
14,expansive_delta_-1.5,-1.5,98.4375,0.16127432786649273,0.5781717816988627,455.20520833333336,0.9895833333333334,"{'layer1_rate_mean': 0.47767578562100727, 'layer1_sparsity_mean': 0.5223242044448853, 'layer2_rate_mean': 0.3847591161727905, 'layer2_sparsity_mean': 0.6152408798535665, 'layer3_rate_mean': 0.2947949290275574, 'layer3_sparsity_mean': 0.7052050630251566, 'layer4_rate_mean': 0.3364583392937978, 'layer4_sparsity_mean': 0.6635416547457377}"
14,tough_delta_2.0,2.0,98.4375,0.0203325082472856,1.4560369412104288,344.86354166666666,0.9895833333333334,"{'layer1_rate_mean': 0.26927083532015483, 'layer1_sparsity_mean': 0.7307291587193807, 'layer2_rate_mean': 0.41706706484158834, 'layer2_sparsity_mean': 0.5829329411188762, 'layer3_rate_mean': 0.4203157583872477, 'layer3_sparsity_mean': 0.5796842376391093, 'layer4_rate_mean': 0.14937500258286793, 'layer4_sparsity_mean': 0.8506250023841858}"
14,dissipative_delta_10.0,10.0,98.64583333333333,0.024818854804541313,0.584737612803777,400.3197916666667,0.9861111111111112,"{'layer1_rate_mean': 0.4279134174187978, 'layer1_sparsity_mean': 0.5720865726470947, 'layer2_rate_mean': 0.3767773489157359, 'layer2_sparsity_mean': 0.6232226451237997, 'layer3_rate_mean': 0.38709635933240255, 'layer3_sparsity_mean': 0.6129036347071329, 'layer4_rate_mean': 0.1075000007947286, 'layer4_sparsity_mean': 0.8925000031789144}"
15,expansive_delta_-1.5,-1.5,99.0625,0.0258028665933037,0.814983602364858,528.6958333333333,0.9965277777777778,"{'layer1_rate_mean': 0.5684342622756958, 'layer1_sparsity_mean': 0.4315657377243042, 'layer2_rate_mean': 0.36603841980298363, 'layer2_sparsity_mean': 0.6339615662892659, 'layer3_rate_mean': 0.3832649787267049, 'layer3_sparsity_mean': 0.6167350172996521, 'layer4_rate_mean': 0.16375000178813934, 'layer4_sparsity_mean': 0.8362499952316285}"
15,tough_delta_2.0,2.0,84.6875,0.021158853527008286,0.7893609325091044,308.42083333333335,0.8402777777777778,"{'layer1_rate_mean': 0.26741536855697634, 'layer1_sparsity_mean': 0.7325846274693807, 'layer2_rate_mean': 0.3628548244635264, 'layer2_sparsity_mean': 0.6371451695760091, 'layer3_rate_mean': 0.37391276558240255, 'layer3_sparsity_mean': 0.62608722448349, 'layer4_rate_mean': 0.2396875023841858, 'layer4_sparsity_mean': 0.7603125055631001}"
15,dissipative_delta_10.0,10.0,49.791666666666664,0.03402176603765016,1.2897340854008992,357.1197916666667,0.5034722222222222,"{'layer1_rate_mean': 0.05113932391007741, 'layer1_sparsity_mean': 0.9488606770833333, 'layer2_rate_mean': 0.006650390662252903, 'layer2_sparsity_mean': 0.9933496157328288, 'layer3_rate_mean': 0.0, 'layer3_sparsity_mean': 1.0, 'layer4_rate_mean': 0.0, 'layer4_sparsity_mean': 1.0}"
16,expansive_delta_-1.5,-1.5,98.54166666666667,0.03652847650641155,0.5724169671535492,510.79375,0.9930555555555556,"{'layer1_rate_mean': 0.5920052250226339, 'layer1_sparsity_mean': 0.40799477497736614, 'layer2_rate_mean': 0.32559570868810017, 'layer2_sparsity_mean': 0.6744042952855428, 'layer3_rate_mean': 0.26922526756922405, 'layer3_sparsity_mean': 0.7307747364044189, 'layer4_rate_mean': 0.163958336909612, 'layer4_sparsity_mean': 0.8360416650772095}"
16,tough_delta_2.0,2.0,49.791666666666664,0.04063860144496204,1.0887701551119486,224.975,0.5034722222222222,"{'layer1_rate_mean': 0.00937500037252903, 'layer1_sparsity_mean': 0.9906250238418579, 'layer2_rate_mean': 0.0, 'layer2_sparsity_mean': 1.0, 'layer3_rate_mean': 0.0, 'layer3_sparsity_mean': 1.0, 'layer4_rate_mean': 0.0, 'layer4_sparsity_mean': 1.0}"
16,dissipative_delta_10.0,10.0,80.10416666666667,0.03827915544952116,1.4641191164652507,318.528125,0.8020833333333334,"{'layer1_rate_mean': 0.2181901067495346, 'layer1_sparsity_mean': 0.7818098942438761, 'layer2_rate_mean': 0.15580403904120127, 'layer2_sparsity_mean': 0.8441959698994954, 'layer3_rate_mean': 0.07471028765042623, 'layer3_sparsity_mean': 0.9252897183100383, 'layer4_rate_mean': 0.031562500571211176, 'layer4_sparsity_mean': 0.9684374968210856}"
17,expansive_delta_-1.5,-1.5,97.70833333333333,0.0386591941238411,1.2470709800720214,509.54375,0.9722222222222222,"{'layer1_rate_mean': 0.5216276129086812, 'layer1_sparsity_mean': 0.47837238709131874, 'layer2_rate_mean': 0.3434277435143789, 'layer2_sparsity_mean': 0.6565722425778707, 'layer3_rate_mean': 0.24968099494775137, 'layer3_sparsity_mean': 0.7503190000851949, 'layer4_rate_mean': 0.05093750109275182, 'layer4_sparsity_mean': 0.9490625063578287}"
17,tough_delta_2.0,2.0,49.791666666666664,0.037640422785414324,0.909183673063914,275.0729166666667,0.5034722222222222,"{'layer1_rate_mean': 0.0062500000931322575, 'layer1_sparsity_mean': 0.9937499761581421, 'layer2_rate_mean': 0.0, 'layer2_sparsity_mean': 1.0, 'layer3_rate_mean': 0.0, 'layer3_sparsity_mean': 1.0, 'layer4_rate_mean': 0.0, 'layer4_sparsity_mean': 1.0}"
17,dissipative_delta_10.0,10.0,49.791666666666664,0.033077941403814384,1.6598956028620402,352.4291666666667,0.5034722222222222,"{'layer1_rate_mean': 0.05845377693573634, 'layer1_sparsity_mean': 0.9415462215741476, 'layer2_rate_mean': 0.008730468961099783, 'layer2_sparsity_mean': 0.9912695288658142, 'layer3_rate_mean': 0.0, 'layer3_sparsity_mean': 1.0, 'layer4_rate_mean': 0.0, 'layer4_sparsity_mean': 1.0}"
18,expansive_delta_-1.5,-1.5,99.0625,0.03389877455699588,0.5763804872830709,482.825,0.9895833333333334,"{'layer1_rate_mean': 0.45314128200213116, 'layer1_sparsity_mean': 0.5468587120374043, 'layer2_rate_mean': 0.45157227317492166, 'layer2_sparsity_mean': 0.5484277288118998, 'layer3_rate_mean': 0.3804524819056193, 'layer3_sparsity_mean': 0.6195475220680237, 'layer4_rate_mean': 0.05093750134110451, 'layer4_sparsity_mean': 0.9490624984105428}"
18,tough_delta_2.0,2.0,50.208333333333336,0.02941104211664248,1.6307373921076456,230.96666666666667,0.5034722222222222,"{'layer1_rate_mean': 0.11470377693573634, 'layer1_sparsity_mean': 0.8852962255477905, 'layer2_rate_mean': 0.08848632921775182, 'layer2_sparsity_mean': 0.9115136742591858, 'layer3_rate_mean': 0.0410709651807944, 'layer3_sparsity_mean': 0.9589290539423625, 'layer4_rate_mean': 0.10000000149011612, 'layer4_sparsity_mean': 0.8999999761581421}"
18,dissipative_delta_10.0,10.0,99.0625,0.028881566336138115,0.5053238868713379,323.971875,0.9861111111111112,"{'layer1_rate_mean': 0.320214847723643, 'layer1_sparsity_mean': 0.679785152276357, 'layer2_rate_mean': 0.35858073433240256, 'layer2_sparsity_mean': 0.64141925573349, 'layer3_rate_mean': 0.35160807768503827, 'layer3_sparsity_mean': 0.6483919262886048, 'layer4_rate_mean': 0.1405208354194959, 'layer4_sparsity_mean': 0.8594791769981385}"
19,expansive_delta_-1.5,-1.5,98.95833333333333,0.028020165117097,0.07047843088706335,549.6572916666667,0.9895833333333334,"{'layer1_rate_mean': 0.5930013100306193, 'layer1_sparsity_mean': 0.4069986899693807, 'layer2_rate_mean': 0.4276595115661621, 'layer2_sparsity_mean': 0.5723404884338379, 'layer3_rate_mean': 0.42354167302449547, 'layer3_sparsity_mean': 0.5764583110809326, 'layer4_rate_mean': 0.1901041696468989, 'layer4_sparsity_mean': 0.8098958293596904}"
19,tough_delta_2.0,2.0,98.125,0.023878449566602226,0.8976393620173136,271.7729166666667,0.9791666666666666,"{'layer1_rate_mean': 0.21163411835829418, 'layer1_sparsity_mean': 0.7883658885955811, 'layer2_rate_mean': 0.2523274819056193, 'layer2_sparsity_mean': 0.7476725021998087, 'layer3_rate_mean': 0.23980794548988343, 'layer3_sparsity_mean': 0.7601920604705811, 'layer4_rate_mean': 0.05166666706403097, 'layer4_sparsity_mean': 0.9483333349227905}"
19,dissipative_delta_10.0,10.0,98.125,0.020538928841556153,0.8348159591356913,316.3875,0.9791666666666666,"{'layer1_rate_mean': 0.2675390680631002, 'layer1_sparsity_mean': 0.7324609319368999, 'layer2_rate_mean': 0.3451204498608907, 'layer2_sparsity_mean': 0.6548795501391093, 'layer3_rate_mean': 0.38736328681310017, 'layer3_sparsity_mean': 0.6126367092132569, 'layer4_rate_mean': 0.14833333591620126, 'layer4_sparsity_mean': 0.8516666690508524}"
